INSERT INTO CAT_PROD(ID, DESCRIPCION) VALUES ('CT0001','Fideos y pastas')
INSERT INTO CAT_PROD(ID, DESCRIPCION) VALUES ('CT0002','Enaltados')
INSERT INTO CAT_PROD(ID, DESCRIPCION) VALUES ('CT0003','Gaseosas')
INSERT INTO CAT_PROD(ID, DESCRIPCION) VALUES ('CT0004','Dulces')
INSERT INTO CAT_PROD(ID, DESCRIPCION) VALUES ('CT0005','Galletas')
INSERT INTO CAT_PROD(ID, DESCRIPCION) VALUES ('CT0006','Bebidas variadas')
INSERT INTO CAT_PROD(ID, DESCRIPCION) VALUES ('CT0007','Cervezas')
INSERT INTO CAT_PROD(ID, DESCRIPCION) VALUES ('CT0008','Leches')
INSERT INTO CAT_PROD(ID, DESCRIPCION) VALUES ('CT0010','Mantequillas y margarinas')
INSERT INTO CAT_PROD(ID, DESCRIPCION) VALUES ('CT0011','Licores')
INSERT INTO CAT_PROD(ID, DESCRIPCION) VALUES ('CT0012','Limpieza')
INSERT INTO CAT_PROD(ID, DESCRIPCION) VALUES ('CT0013','Menestras')
INSERT INTO CAT_PROD(ID, DESCRIPCION) VALUES ('CT0014','Infusiones')
INSERT INTO CAT_PROD(ID, DESCRIPCION) VALUES ('CT0015','Higiene personal')
GO

SELECT * FROM CAT_PROD
GO

INSERT INTO PRODUCTO (ID, DESCRIPCION, PRECIO_COMPRA, PRECIO_VENTA, STOCK_ACTUAL, STOCK_MIN, CAT_ID)VALUES('PR0001','Fideo sopa Seritalia x500gr',0.5,1,25,5,'CT0001')
INSERT INTO PRODUCTO (ID, DESCRIPCION, PRECIO_COMPRA, PRECIO_VENTA, STOCK_ACTUAL, STOCK_MIN, CAT_ID)VALUES('PR0002','Galleta vainilla Fito',0.5,0.8,30,10,'CT0005')
INSERT INTO PRODUCTO (ID, DESCRIPCION, PRECIO_COMPRA, PRECIO_VENTA, STOCK_ACTUAL, STOCK_MIN, CAT_ID)VALUES('PR0003','Lenteja Bebe Tesoro X500gr',3,3.8,15,5,'CT0013')
INSERT INTO PRODUCTO (ID, DESCRIPCION, PRECIO_COMPRA, PRECIO_VENTA, STOCK_ACTUAL, STOCK_MIN, CAT_ID)VALUES('PR0004','Lenteja Sabeño X500gr',5.2,5.7,15,5,'CT0013')
INSERT INTO PRODUCTO (ID, DESCRIPCION, PRECIO_COMPRA, PRECIO_VENTA, STOCK_ACTUAL, STOCK_MIN, CAT_ID)VALUES('PR0005','Cerveza Rubí X 600ml',3.5,5,80,20,'CT0007')
INSERT INTO PRODUCTO (ID, DESCRIPCION, PRECIO_COMPRA, PRECIO_VENTA, STOCK_ACTUAL, STOCK_MIN, CAT_ID)VALUES('PR0006','Vino Tintp IntiPalta 750ml',23,25.9,10,3,'CT0011')
INSERT INTO PRODUCTO (ID, DESCRIPCION, PRECIO_COMPRA, PRECIO_VENTA, STOCK_ACTUAL, STOCK_MIN, CAT_ID)VALUES('PR0007','Vino blanco Marqués de Dimas 750ml',40,45,10,3,'CT0011')
INSERT INTO PRODUCTO (ID, DESCRIPCION, PRECIO_COMPRA, PRECIO_VENTA, STOCK_ACTUAL, STOCK_MIN, CAT_ID)VALUES('PR0009','Crema dental Torbellino 75ml',3.5,5,20,5,'CT0015')
INSERT INTO PRODUCTO (ID, DESCRIPCION, PRECIO_COMPRA, PRECIO_VENTA, STOCK_ACTUAL, STOCK_MIN, CAT_ID)VALUES('PR0008','Enjuague bucal Orion B 500ml',15.5,17.8,8,3,'CT0015')
INSERT INTO PRODUCTO (ID, DESCRIPCION, PRECIO_COMPRA, PRECIO_VENTA, STOCK_ACTUAL, STOCK_MIN, CAT_ID)VALUES('PR0010','Cepillo de dientes El Pepon',4.5,5,7,2,'CT0015')
GO
SELECT * FROM PRODUCTO
GO

DELETE FROM CLIENTE
GO

INSERT INTO CLIENTE VALUES('CL0001','Adriana', 'Malenko','4503698','06578945','F')
INSERT INTO CLIENTE VALUES('CL0002','Pedro', 'Cantos Montoya','985025478','65478921','M')
INSERT INTO CLIENTE VALUES('CL0003','Camila', 'Grada','987021463','52014789','F')
INSERT INTO CLIENTE VALUES('CL0004','Diego', 'Fernandez','4529875','69317795','M')
INSERT INTO CLIENTE VALUES('CL0005','Ramiro', 'Segura','987159367','48902587','M')
INSERT INTO CLIENTE VALUES('CL0006','Jimena', 'Campos Herrera','908825642','48504893','F')
INSERT INTO CLIENTE VALUES('CL0007','Sandra', 'Montoya','5078960','07406985','F')
INSERT INTO CLIENTE VALUES('CL0008','Romina', 'Cantaro','981254609','80149620','F')
INSERT INTO CLIENTE VALUES('CL0009','Roberto', 'Vera Beltrán','5208963','4809631','M')
INSERT INTO CLIENTE VALUES('CL0010','Ivan', 'Terriño','945258520','65452485','M')
GO


SELECT * FROM CLIENTE
GO


INSERT INTO PROVEEDOR VALUES ('PV0001','Seritaria INC','Damaris Rodriguez','contacus@seritatia.com','4632175','Av. Venen 213')
INSERT INTO PROVEEDOR VALUES ('PV0002','Sabeño S.A.','Vilma Entero','writetous@entermail.com','5207863','Av. Grl. Dilmon 341')
INSERT INTO PROVEEDOR VALUES ('PV0003','Almacenes LICMAS','Victor Licmas','lcmas@gmail.com','987025465','Jr. Arrenta 67')
INSERT INTO PROVEEDOR VALUES ('PV0004','Orion INC','Sara Gomez','orntome@cropmail.com','7049355','Calle Terción 23')
INSERT INTO PROVEEDOR VALUES ('PV0005','Hnos. Sera','Diego Sera','serami@incorp.com','2496345','Av. Dos Dimas 98')
GO


SELECT * FROM PROVEEDOR
GO

INSERT INTO TRABAJADOR VALUES('TB0000','ADMIN', 'ADMIN','000000000','00000000','NO REGISTRA','NO REGISTRA','ADMIN','ADMIN','M','Administrador')
INSERT INTO TRABAJADOR VALUES('TB0001','Joseph', 'Gamarra','901486332','08745632','Av. Venen 879','jgamar@gmail.com','JOGA','JOGA','M','Vendedor')
INSERT INTO TRABAJADOR VALUES('TB0002','Zeto', 'Kaiba','920147885','06878962','Jr. Miroquesada 1011','kibita@gmail.com','ZEKA','ZEKA','M','Vendedor')
INSERT INTO TRABAJADOR VALUES('TB0003','Yuri', 'Ramieta','952057631','02118569','Jr Concepción 234','yumi@gmail.com','YURA','YURA','F','Vendedor')
INSERT INTO TRABAJADOR VALUES('TB0004','Diana', 'Rodriguez Lazo','904782236','67412907','Av Sopuede 2016','dirodri@gmail.com','DIRO','DIRO','F','Administrador')
GO

SELECT * FROM TRABAJADOR
GO

INSERT INTO PROMO VALUES ('PM0001','PR0006',0,2.5,'2018-10-16','2018-12-15')
INSERT INTO PROMO VALUES ('PM0002','PR0007',1,10,'2018-06-12','2018-07-30')
INSERT INTO PROMO VALUES ('PM0003','PR0008',0,1.2,'2018-05-20','2018-06-30')
GO

SELECT * FROM PROMO
GO


/*
	PRUEBAS DE INSERCIONES DE OPERACIONES
*/

INSERT INTO COMPRA VALUES('OC0001', 'PV0001','TB0001', '2018-05-03', 0.18, 0);

INSERT INTO COMPRA VALUES('OC0002', 'PV0001','TB0001', '2018-10-15', 0.18, 0);


INSERT INTO DET_COMP VALUES ('OC0001','PR0001', 5,(SELECT PRECIO_COMPRA FROM PRODUCTO WHERE ID='PR0001'))
INSERT INTO DET_COMP VALUES ('OC0001','PR0002', 4, 0.6)
INSERT INTO DET_COMP VALUES ('OC0001','PR0003', 3, (SELECT PRECIO_COMPRA FROM PRODUCTO WHERE ID='PR0003'))

INSERT INTO DET_COMP VALUES ('OC0002','PR0007', 2,(SELECT PRECIO_COMPRA FROM PRODUCTO WHERE ID='PR0007'))
INSERT INTO DET_COMP VALUES ('OC0002','PR0008', 5, 15.0)
INSERT INTO DET_COMP VALUES ('OC0002','PR0009', 10, (SELECT PRECIO_COMPRA FROM PRODUCTO WHERE ID='PR0009'))

GO

SELECT * FROM COMPRA C 
GO

SELECT c.Cod_Compra, c.FECHA, c.IGV, C.COD_TRABAJADOR, C.COD_PROVEEDOR,
		 SUM(DC.CANTIDAD*DC.PRECIO) AS SUBTOTAL, 
		 (SUM(DC.CANTIDAD*DC.PRECIO) * c.IGV) AS IMPUESTO, 
		 (SUM(DC.CANTIDAD*DC.PRECIO) + (SUM(DC.CANTIDAD*DC.PRECIO)* c.IGV)) AS TOTAL
FROM COMPRA C INNER JOIN DET_COMP DC 
ON c.Cod_Compra = DC.Cod_Compra
GROUP BY c.Cod_Compra, c.FECHA, c.IGV, C.COD_TRABAJADOR, C.COD_PROVEEDOR
GO

SELECT DC.*, DC.CANTIDAD*DC.PRECIO AS SUBTOTAL FROM DET_COMP DC
GO

SELECT * FROM PRODUCTO
GO

update Compra set Estado = 1 where Cod_Compra = 'OC0001'
go

update Det_Comp set Cod_Produc = 'PR0010' where Cod_Compra = 'OC0001' and Cod_Produc = 'PR0001'
go

INSERT INTO VENTA VALUES('OV0001', 'CL0001','TB0001', '2018-06-23', 0.18, 0.0);

INSERT INTO VENTA VALUES('OV0002', 'CL0001','TB0001', '2018-01-15', 0.18,0.0);


INSERT INTO DET_VENTA VALUES ('OV0001','PR0001', 3,(SELECT PRECIO_VENTA FROM PRODUCTO WHERE ID='PR0001'), 0.0)
INSERT INTO DET_VENTA VALUES ('OV0001','PR0003', 2, (SELECT PRECIO_VENTA FROM PRODUCTO WHERE ID='PR0003'), 0.0)

INSERT INTO DET_VENTA VALUES ('OV0002','PR0004', 1,(SELECT PRECIO_VENTA FROM PRODUCTO WHERE ID='PR0004'), 0.5)
INSERT INTO DET_VENTA VALUES ('OV0002','PR0005', 5, (SELECT PRECIO_VENTA FROM PRODUCTO WHERE ID='PR0005'), 0.0)
GO

SELECT * FROM VENTA 
GO


SELECT * FROM DET_VENTA
GO

SELECT * FROM CLIENTE
GO

